-- ============================================
-- 城市智慧路灯管理信息系统 - 测试数据
-- ============================================

USE smart_streetlight;

SET NAMES utf8mb4;
SET CHARACTER_SET_CLIENT = utf8mb4;
SET CHARACTER_SET_RESULTS = utf8mb4;
SET CHARACTER_SET_CONNECTION = utf8mb4;

-- ============================================
-- 角色
-- ============================================
INSERT INTO role (id, name, description) VALUES
(1, 'ADMIN', '系统管理员'),
(2, 'OPERATOR', '运维人员'),
(3, 'USER', '普通用户/市民');

-- ============================================
-- 用户 (密码均为 BCrypt 加密的 123456)
-- 测试账号:
--   admin / 123456    管理员
--   operator1 / 123456 运维人员
--   operator2 / 123456 运维人员
--   user1 / 123456    普通用户
--   user2 / 123456    普通用户
-- ============================================
INSERT INTO `user` (id, username, password, real_name, phone, email, status) VALUES
(1, 'admin', '$2a$10$N.zmdr9k7uOCQb376NoUnuTJ8iAt6Z5EHsM8lE9lBOsl7iKTVKIUi', '张明', '13800000001', 'admin@smartlight.com', 1),
(2, 'operator1', '$2a$10$N.zmdr9k7uOCQb376NoUnuTJ8iAt6Z5EHsM8lE9lBOsl7iKTVKIUi', '李维', '13800000002', 'operator1@smartlight.com', 1),
(3, 'operator2', '$2a$10$N.zmdr9k7uOCQb376NoUnuTJ8iAt6Z5EHsM8lE9lBOsl7iKTVKIUi', '王运', '13800000003', 'operator2@smartlight.com', 1),
(4, 'user1', '$2a$10$N.zmdr9k7uOCQb376NoUnuTJ8iAt6Z5EHsM8lE9lBOsl7iKTVKIUi', '赵市民', '13800000004', 'user1@smartlight.com', 1),
(5, 'user2', '$2a$10$N.zmdr9k7uOCQb376NoUnuTJ8iAt6Z5EHsM8lE9lBOsl7iKTVKIUi', '陈居民', '13800000005', 'user2@smartlight.com', 1);

-- ============================================
-- 用户-角色
-- ============================================
INSERT INTO user_role (user_id, role_id) VALUES
(1, 1), -- admin -> ADMIN
(2, 2), -- operator1 -> OPERATOR
(3, 2), -- operator2 -> OPERATOR
(4, 3), -- user1 -> USER
(5, 3); -- user2 -> USER

-- ============================================
-- 区域 (三级: 区-街道-路段)
-- ============================================
INSERT INTO area (id, name, code, parent_id, level, description, sort_order, status) VALUES
-- 一级: 区/县
(1, '金水区', 'A001', 0, 1, '郑州市金水区', 1, 1),
(2, '二七区', 'A002', 0, 1, '郑州市二七区', 2, 1),
(3, '中原区', 'A003', 0, 1, '郑州市中原区', 3, 1),
(4, '管城区', 'A004', 0, 1, '郑州市管城区', 4, 1),
-- 二级: 街道
(5, '花园路街道', 'A001-01', 1, 2, '金水区花园路街道', 1, 1),
(6, '经三路街道', 'A001-02', 1, 2, '金水区经三路街道', 2, 1),
(7, '德化街街道', 'A002-01', 2, 2, '二七区德化街街道', 1, 1),
(8, '建设路街道', 'A003-01', 3, 2, '中原区建设路街道', 1, 1),
(9, '航海路街道', 'A004-01', 4, 2, '管城区航海路街道', 1, 1),
-- 三级: 路段
(10, '花园路北段', 'A001-01-01', 5, 3, '花园路与东风路交叉口至花园路与农业路交叉口', 1, 1),
(11, '花园路南段', 'A001-01-02', 5, 3, '花园路与农业路交叉口至花园路与黄河路交叉口', 2, 1),
(12, '经三路中段', 'A001-02-01', 6, 3, '经三路与红旗路交叉口至经三路与纬五路交叉口', 1, 1),
(13, '德化街主街', 'A002-01-01', 7, 3, '德化街步行街全段', 1, 1),
(14, '建设路东段', 'A003-01-01', 8, 3, '建设路与大学路交叉口至建设路与文化宫路交叉口', 1, 1),
(15, '航海路西段', 'A004-01-01', 9, 3, '航海路与嵩山路交叉口至航海路与大学路交叉口', 1, 1);

-- ============================================
-- 电柜 (每个路段1-2个电柜)
-- ============================================
INSERT INTO cabinet (id, code, name, area_id, address, longitude, latitude, capacity, status, install_date) VALUES
(1, 'CB-001', '花园路北段1号柜', 10, '花园路与东风路交叉口东南角', 113.6714, 34.7937, 30, 1, '2022-03-15'),
(2, 'CB-002', '花园路北段2号柜', 10, '花园路与丰产路交叉口', 113.6718, 34.7885, 25, 1, '2022-03-15'),
(3, 'CB-003', '花园路南段1号柜', 11, '花园路与农业路交叉口', 113.6721, 34.7830, 35, 1, '2022-06-20'),
(4, 'CB-004', '经三路中段1号柜', 12, '经三路与红旗路交叉口', 113.6750, 34.7620, 20, 1, '2023-01-10'),
(5, 'CB-005', '德化街1号柜', 13, '德化街北入口', 113.6605, 34.7530, 40, 1, '2021-09-01'),
(6, 'CB-006', '建设路东段1号柜', 14, '建设路与大学路交叉口', 113.6420, 34.7680, 30, 2, '2022-08-18'),
(7, 'CB-007', '航海路西段1号柜', 15, '航海路与嵩山路交叉口', 113.6358, 34.7320, 25, 1, '2023-03-25'),
(8, 'CB-008', '航海路西段2号柜', 15, '航海路与大学路交叉口', 113.6480, 34.7318, 25, 0, '2023-03-25');

-- ============================================
-- 路灯设备 (每个电柜下多盏路灯, 共约60盏)
-- ============================================
INSERT INTO streetlight (id, code, device_uid, name, area_id, cabinet_id, address, longitude, latitude, lamp_type, hardware_model, electrical_params, protection_rating, power, height, brightness, online_status, light_status, device_status, install_date, voltage, current_val, temperature, running_hours) VALUES
-- 花园路北段1号柜下
(1, 'SL-001', 'DEV-HYL-001', '花园路001号灯', 10, 1, '花园路与东风路交叉口东100m', 113.6720, 34.7935, 'LED', 'ZM-LED150A', '{"ratedVoltage":220,"ratedCurrent":0.68,"frequency":50}', 'IP65', 150, 10.00, 80, 1, 1, 1, '2022-03-15', 220.50, 0.680, 35.2, 12500),
(2, 'SL-002', 'DEV-HYL-002', '花园路002号灯', 10, 1, '花园路与东风路交叉口东200m', 113.6726, 34.7932, 'LED', 'ZM-LED150A', '{"ratedVoltage":220,"ratedCurrent":0.68,"frequency":50}', 'IP65', 150, 10.00, 80, 1, 1, 1, '2022-03-15', 221.30, 0.675, 34.8, 12480),
(3, 'SL-003', 'DEV-HYL-003', '花园路003号灯', 10, 1, '花园路与东风路交叉口东300m', 113.6732, 34.7929, 'LED', 'ZM-LED150A', '{"ratedVoltage":220,"ratedCurrent":0.68,"frequency":50}', 'IP65', 150, 10.00, 0, 0, 0, 0, '2022-03-15', 0.00, 0.000, 0.0, 11200),
(4, 'SL-004', 'DEV-HYL-004', '花园路004号灯', 10, 1, '花园路与东风路交叉口东400m', 113.6738, 34.7926, 'LED', 'ZM-LED100B', '{"ratedVoltage":220,"ratedCurrent":0.45,"frequency":50}', 'IP65', 100, 8.00, 100, 1, 1, 1, '2022-03-15', 219.80, 0.455, 33.5, 12600),
(5, 'SL-005', 'DEV-HYL-005', '花园路005号灯', 10, 1, '花园路与东风路交叉口东500m', 113.6744, 34.7923, 'LED', 'ZM-LED100B', '{"ratedVoltage":220,"ratedCurrent":0.45,"frequency":50}', 'IP65', 100, 8.00, 100, 1, 1, 1, '2022-03-15', 220.10, 0.450, 34.0, 12550),
-- 花园路北段2号柜下
(6, 'SL-006', 'DEV-HYL-006', '花园路006号灯', 10, 2, '花园路丰产路口北50m', 113.6722, 34.7888, 'LED', 'ZM-LED200C', '{"ratedVoltage":220,"ratedCurrent":0.91,"frequency":50}', 'IP66', 200, 12.00, 90, 1, 1, 1, '2022-03-15', 222.00, 0.900, 36.5, 12300),
(7, 'SL-007', 'DEV-HYL-007', '花园路007号灯', 10, 2, '花园路丰产路口北150m', 113.6725, 34.7895, 'LED', 'ZM-LED200C', '{"ratedVoltage":220,"ratedCurrent":0.91,"frequency":50}', 'IP66', 200, 12.00, 90, 1, 1, 1, '2022-03-15', 221.80, 0.905, 36.2, 12280),
(8, 'SL-008', 'DEV-HYL-008', '花园路008号灯', 10, 2, '花园路丰产路口南50m', 113.6720, 34.7880, 'LED', 'ZM-LED150A', '{"ratedVoltage":220,"ratedCurrent":0.68,"frequency":50}', 'IP65', 150, 10.00, 0, 1, 0, 4, '2022-03-15', 220.50, 0.000, 22.0, 10500),
-- 花园路南段1号柜下
(9, 'SL-009', 'DEV-HYL-009', '花园路009号灯', 11, 3, '花园路农业路口北100m', 113.6724, 34.7835, '钠灯', 'HPS-250D', '{"ratedVoltage":220,"ratedCurrent":1.14,"frequency":50}', 'IP54', 250, 12.00, 100, 1, 1, 1, '2022-06-20', 225.00, 1.100, 45.5, 10800),
(10, 'SL-010', 'DEV-HYL-010', '花园路010号灯', 11, 3, '花园路农业路口南100m', 113.6726, 34.7825, '钠灯', 'HPS-250D', '{"ratedVoltage":220,"ratedCurrent":1.14,"frequency":50}', 'IP54', 250, 12.00, 100, 1, 1, 1, '2022-06-20', 224.50, 1.110, 45.0, 10780),
(11, 'SL-011', 'DEV-HYL-011', '花园路011号灯', 11, 3, '花园路黄河路口北200m', 113.6728, 34.7815, 'LED', 'ZM-LED150A', '{"ratedVoltage":220,"ratedCurrent":0.68,"frequency":50}', 'IP65', 150, 10.00, 80, 1, 1, 1, '2022-06-20', 220.00, 0.680, 35.0, 10600),
(12, 'SL-012', 'DEV-HYL-012', '花园路012号灯', 11, 3, '花园路黄河路口北100m', 113.6730, 34.7808, 'LED', 'ZM-LED150A', '{"ratedVoltage":220,"ratedCurrent":0.68,"frequency":50}', 'IP65', 150, 10.00, 80, 1, 0, 1, '2022-06-20', 220.20, 0.000, 25.0, 10500),
(13, 'SL-013', 'DEV-HYL-013', '花园路013号灯', 11, 3, '花园路黄河路口', 113.6732, 34.7800, 'LED', 'ZM-LED200C', '{"ratedVoltage":220,"ratedCurrent":0.91,"frequency":50}', 'IP66', 200, 12.00, 100, 1, 1, 1, '2022-06-20', 221.50, 0.905, 37.0, 10700),
-- 经三路中段1号柜下
(14, 'SL-014', 'DEV-JSL-014', '经三路001号灯', 12, 4, '经三路红旗路口东50m', 113.6755, 34.7622, 'LED', 'ZM-LED100B', '{"ratedVoltage":220,"ratedCurrent":0.45,"frequency":50}', 'IP65', 100, 8.00, 80, 1, 1, 1, '2023-01-10', 220.00, 0.455, 33.0, 8500),
(15, 'SL-015', 'DEV-JSL-015', '经三路002号灯', 12, 4, '经三路红旗路口东150m', 113.6760, 34.7624, 'LED', 'ZM-LED100B', '{"ratedVoltage":220,"ratedCurrent":0.45,"frequency":50}', 'IP65', 100, 8.00, 80, 1, 1, 1, '2023-01-10', 219.80, 0.460, 33.2, 8480),
(16, 'SL-016', 'DEV-JSL-016', '经三路003号灯', 12, 4, '经三路红旗路口东250m', 113.6765, 34.7626, 'LED', 'ZM-LED100B', '{"ratedVoltage":220,"ratedCurrent":0.45,"frequency":50}', 'IP65', 100, 8.00, 0, 0, 0, 3, '2023-01-10', 0.00, 0.000, 0.0, 7200),
(17, 'SL-017', 'DEV-JSL-017', '经三路004号灯', 12, 4, '经三路纬五路口西100m', 113.6770, 34.7628, '太阳能', 'SOL-60E', '{"ratedVoltage":24,"ratedCurrent":2.5,"frequency":0}', 'IP67', 60, 6.00, 70, 1, 1, 1, '2023-01-10', 24.00, 2.500, 30.0, 8500),
(18, 'SL-018', 'DEV-JSL-018', '经三路005号灯', 12, 4, '经三路纬五路口', 113.6775, 34.7630, '太阳能', 'SOL-60E', '{"ratedVoltage":24,"ratedCurrent":2.5,"frequency":0}', 'IP67', 60, 6.00, 70, 1, 1, 1, '2023-01-10', 23.50, 2.550, 29.5, 8450),
-- 德化街1号柜下
(19, 'SL-019', 'DEV-DHJ-019', '德化街001号灯', 13, 5, '德化街北入口', 113.6608, 34.7535, 'LED', 'ZM-LED80F', '{"ratedVoltage":220,"ratedCurrent":0.36,"frequency":50}', 'IP65', 80, 6.00, 100, 1, 1, 1, '2021-09-01', 220.00, 0.360, 32.0, 15000),
(20, 'SL-020', 'DEV-DHJ-020', '德化街002号灯', 13, 5, '德化街北段50m', 113.6610, 34.7530, 'LED', 'ZM-LED80F', '{"ratedVoltage":220,"ratedCurrent":0.36,"frequency":50}', 'IP65', 80, 6.00, 100, 1, 1, 1, '2021-09-01', 220.20, 0.365, 32.5, 14980),
(21, 'SL-021', 'DEV-DHJ-021', '德化街003号灯', 13, 5, '德化街中段', 113.6612, 34.7525, 'LED', 'ZM-LED80F', '{"ratedVoltage":220,"ratedCurrent":0.36,"frequency":50}', 'IP65', 80, 6.00, 100, 1, 1, 1, '2021-09-01', 219.80, 0.362, 31.8, 14900),
(22, 'SL-022', 'DEV-DHJ-022', '德化街004号灯', 13, 5, '德化街南段50m', 113.6614, 34.7520, 'LED', 'ZM-LED120G', '{"ratedVoltage":220,"ratedCurrent":0.55,"frequency":50}', 'IP65', 120, 8.00, 90, 1, 1, 1, '2021-09-01', 220.50, 0.545, 34.0, 14850),
(23, 'SL-023', 'DEV-DHJ-023', '德化街005号灯', 13, 5, '德化街南入口', 113.6616, 34.7515, 'LED', 'ZM-LED120G', '{"ratedVoltage":220,"ratedCurrent":0.55,"frequency":50}', 'IP65', 120, 8.00, 0, 0, 0, 3, '2021-09-01', 0.00, 0.000, 0.0, 13200),
(24, 'SL-024', 'DEV-DHJ-024', '德化街006号灯', 13, 5, '德化街景观灯A', 113.6609, 34.7528, 'LED', 'ZM-LED50H', '{"ratedVoltage":220,"ratedCurrent":0.23,"frequency":50}', 'IP65', 50, 4.00, 100, 1, 1, 1, '2021-09-01', 220.00, 0.227, 28.0, 14500),
(25, 'SL-025', 'DEV-DHJ-025', '德化街007号灯', 13, 5, '德化街景观灯B', 113.6611, 34.7522, 'LED', 'ZM-LED50H', '{"ratedVoltage":220,"ratedCurrent":0.23,"frequency":50}', 'IP65', 50, 4.00, 100, 1, 1, 1, '2021-09-01', 219.50, 0.228, 28.2, 14480),
-- 建设路东段1号柜下
(26, 'SL-026', 'DEV-JSL-026', '建设路001号灯', 14, 6, '建设路大学路口西50m', 113.6425, 34.7682, 'LED', 'ZM-LED200C', '{"ratedVoltage":220,"ratedCurrent":0.91,"frequency":50}', 'IP66', 200, 12.00, 85, 1, 1, 1, '2022-08-18', 221.00, 0.905, 38.0, 11000),
(27, 'SL-027', 'DEV-JSL-027', '建设路002号灯', 14, 6, '建设路大学路口西150m', 113.6418, 34.7683, 'LED', 'ZM-LED200C', '{"ratedVoltage":220,"ratedCurrent":0.91,"frequency":50}', 'IP66', 200, 12.00, 85, 1, 1, 1, '2022-08-18', 220.80, 0.908, 37.8, 10980),
(28, 'SL-028', 'DEV-JSL-028', '建设路003号灯', 14, 6, '建设路大学路口西250m', 113.6411, 34.7684, 'LED', 'ZM-LED200C', '{"ratedVoltage":220,"ratedCurrent":0.91,"frequency":50}', 'IP66', 200, 12.00, 0, 1, 0, 4, '2022-08-18', 221.20, 0.000, 22.5, 9500),
(29, 'SL-029', 'DEV-JSL-029', '建设路004号灯', 14, 6, '建设路文化宫路口东100m', 113.6404, 34.7685, 'LED', 'ZM-LED150A', '{"ratedVoltage":220,"ratedCurrent":0.68,"frequency":50}', 'IP65', 150, 10.00, 80, 1, 1, 1, '2022-08-18', 220.50, 0.680, 35.5, 11050),
(30, 'SL-030', 'DEV-JSL-030', '建设路005号灯', 14, 6, '建设路文化宫路口', 113.6397, 34.7686, 'LED', 'ZM-LED150A', '{"ratedVoltage":220,"ratedCurrent":0.68,"frequency":50}', 'IP65', 150, 10.00, 80, 1, 1, 1, '2022-08-18', 220.30, 0.682, 35.2, 11020),
-- 航海路西段1号柜下
(31, 'SL-031', 'DEV-HHL-031', '航海路001号灯', 15, 7, '航海路嵩山路口东50m', 113.6363, 34.7322, 'LED', 'ZM-LED200C', '{"ratedVoltage":220,"ratedCurrent":0.91,"frequency":50}', 'IP66', 200, 12.00, 90, 1, 1, 1, '2023-03-25', 221.50, 0.900, 36.0, 7800),
(32, 'SL-032', 'DEV-HHL-032', '航海路002号灯', 15, 7, '航海路嵩山路口东150m', 113.6375, 34.7321, 'LED', 'ZM-LED200C', '{"ratedVoltage":220,"ratedCurrent":0.91,"frequency":50}', 'IP66', 200, 12.00, 90, 1, 1, 1, '2023-03-25', 221.30, 0.902, 36.2, 7780),
(33, 'SL-033', 'DEV-HHL-033', '航海路003号灯', 15, 7, '航海路嵩山路口东250m', 113.6387, 34.7320, 'LED', 'ZM-LED200C', '{"ratedVoltage":220,"ratedCurrent":0.91,"frequency":50}', 'IP66', 200, 12.00, 90, 1, 1, 1, '2023-03-25', 220.80, 0.905, 35.8, 7750),
(34, 'SL-034', 'DEV-HHL-034', '航海路004号灯', 15, 7, '航海路中段1', 113.6399, 34.7319, 'LED', 'ZM-LED150A', '{"ratedVoltage":220,"ratedCurrent":0.68,"frequency":50}', 'IP65', 150, 10.00, 0, 0, 0, 3, '2023-03-25', 0.00, 0.000, 0.0, 6500),
-- 航海路西段2号柜下
(35, 'SL-035', 'DEV-HHL-035', '航海路005号灯', 15, 8, '航海路大学路口西200m', 113.6460, 34.7319, 'LED', 'ZM-LED150A', '{"ratedVoltage":220,"ratedCurrent":0.68,"frequency":50}', 'IP65', 150, 10.00, 80, 1, 1, 1, '2023-03-25', 220.00, 0.680, 34.5, 7700),
(36, 'SL-036', 'DEV-HHL-036', '航海路006号灯', 15, 8, '航海路大学路口西100m', 113.6470, 34.7318, 'LED', 'ZM-LED150A', '{"ratedVoltage":220,"ratedCurrent":0.68,"frequency":50}', 'IP65', 150, 10.00, 80, 1, 1, 1, '2023-03-25', 220.20, 0.678, 34.2, 7680),
(37, 'SL-037', 'DEV-HHL-037', '航海路007号灯', 15, 8, '航海路大学路口', 113.6480, 34.7318, '钠灯', 'HPS-250D', '{"ratedVoltage":220,"ratedCurrent":1.14,"frequency":50}', 'IP54', 250, 12.00, 100, 1, 1, 1, '2023-03-25', 224.00, 1.115, 46.0, 7600),
(38, 'SL-038', 'DEV-HHL-038', '航海路008号灯', 15, 8, '航海路大学路口东50m', 113.6490, 34.7317, '钠灯', 'HPS-250D', '{"ratedVoltage":220,"ratedCurrent":1.14,"frequency":50}', 'IP54', 250, 12.00, 0, 1, 0, 1, '2023-03-25', 224.50, 0.000, 25.0, 7500);

-- ============================================
-- 控制策略
-- ============================================
INSERT INTO control_strategy (id, name, group_no, type, action_type, area_id, description, start_time, end_time, brightness, light_threshold, target_longitude, target_latitude, effective_start, effective_end, status, priority, created_by) VALUES
(1, '夏季定时开关灯', 1, 1, 1, NULL, '夏季(5-9月)全市统一开关灯时间', '19:30:00', '05:30:00', 100, NULL, NULL, NULL, '2026-05-01', '2026-09-30', 1, 10, 1),
(2, '冬季定时开关灯', 2, 1, 1, NULL, '冬季(11-3月)全市统一开关灯时间', '17:30:00', '06:30:00', 100, NULL, NULL, NULL, '2025-11-01', '2026-03-31', 1, 10, 1),
(3, '深夜节能降亮', 3, 1, 1, NULL, '深夜23:00后降低亮度至50%节能', '23:00:00', '05:00:00', 50, NULL, NULL, NULL, '2025-01-01', '2026-12-31', 1, 5, 1),
(4, '德化街商业区光控', 4, 2, 1, 13, '根据光照强度自动控制，阈值200lux', NULL, NULL, 100, 200, NULL, NULL, '2025-01-01', '2026-12-31', 1, 15, 1),
(5, '春节特别策略', 5, 3, 1, NULL, '春节期间延长亮灯时间并全亮', '16:00:00', '07:00:00', 100, NULL, NULL, NULL, '2026-01-25', '2026-02-08', 0, 20, 1),
(6, '花园路人流感应', 6, 4, 1, 10, '根据人流量自动调节亮度', NULL, NULL, NULL, NULL, NULL, NULL, '2025-06-01', '2026-12-31', 1, 8, 1),
(7, '国庆节特别策略', 7, 3, 1, NULL, '国庆期间延长亮灯并提高亮度', '17:00:00', '07:00:00', 100, NULL, NULL, NULL, '2026-10-01', '2026-10-07', 1, 20, 1),
(8, '航海路节能策略', 8, 1, 1, 15, '航海路夜间分时段调光', '22:00:00', '05:00:00', 60, NULL, NULL, NULL, '2025-01-01', '2026-12-31', 1, 6, 1),
(9, '建设路经纬度感应开灯', 9, 1, 2, 14, '根据经纬度范围自动开灯', NULL, NULL, 85, NULL, 113.6420, 34.7680, '2025-01-01', '2026-12-31', 1, 7, 1),
(10, '经三路午夜节能', 10, 1, 1, 12, '经三路午夜0:00-5:00降亮40%', '00:00:00', '05:00:00', 40, NULL, NULL, NULL, '2025-01-01', '2026-12-31', 1, 4, 1),
(11, '花园路南段光控', 11, 2, 1, 11, '花园路南段光照自动控制，阈值150lux', NULL, NULL, 90, 150, NULL, NULL, '2025-01-01', '2026-12-31', 1, 12, 1),
(12, '元旦特别策略', 12, 3, 1, NULL, '元旦期间全亮延时', '16:30:00', '07:00:00', 100, NULL, NULL, NULL, '2025-12-31', '2026-01-02', 0, 18, 1),
(13, '德化街经纬度开灯', 13, 1, 2, 13, '德化街商业区域经纬度触发开灯', NULL, NULL, 100, NULL, 113.6610, 34.7525, '2025-01-01', '2026-12-31', 1, 16, 1),
(14, '航海路凌晨关灯', 14, 1, 1, 15, '航海路凌晨4:30自动关灯', '04:30:00', '04:30:00', 0, NULL, NULL, NULL, '2025-06-01', '2026-09-30', 0, 3, 1),
(15, '金水区周末策略', 15, 1, 1, 1, '金水区周末延长亮灯至23:30', '18:00:00', '23:30:00', 90, NULL, NULL, NULL, '2025-01-01', '2026-12-31', 1, 9, 1),
(16, '管城区夜间节能', 16, 1, 1, 4, '管城区21:00后降亮至55%', '21:00:00', '05:30:00', 55, NULL, NULL, NULL, '2025-01-01', '2026-12-31', 1, 5, 1);

-- ============================================
-- 告警事件
-- ============================================
INSERT INTO alarm (id, alarm_code, type, level, streetlight_id, cabinet_id, area_id, title, description, status, handler_id, handle_time, handle_remark, alarm_time) VALUES
(1, 'ALM-20260301-001', 1, 3, 3, 1, 10, '花园路003号灯离线故障', '路灯SL-003持续离线超过24小时，疑似灯具损坏', 2, 2, '2026-03-01 15:30:00', '已到现场检查，确认灯泡烧毁，已更换', '2026-02-28 08:15:00'),
(2, 'ALM-20260301-002', 2, 4, NULL, 8, 15, '航海路2号柜电压异常', '电柜CB-008输出电压波动超过±10%', 1, 2, NULL, NULL, '2026-03-01 10:22:00'),
(3, 'ALM-20260302-001', 4, 2, 16, 4, 12, '经三路003号灯通信故障', '路灯SL-016通信模块无响应', 0, NULL, NULL, NULL, '2026-03-02 14:05:00'),
(4, 'ALM-20260302-002', 3, 3, 34, 7, 15, '航海路004号灯电流异常', '路灯SL-034电流读数为0但状态显示在线', 0, NULL, NULL, NULL, '2026-03-02 16:30:00'),
(5, 'ALM-20260228-001', 1, 2, 23, 5, 13, '德化街005号灯不亮', '市民反映德化街005号灯夜间不亮', 2, 3, '2026-03-01 09:00:00', '灯具控制器故障，已更换', '2026-02-28 20:10:00'),
(6, 'ALM-20260227-001', 5, 4, NULL, NULL, 14, '建设路疑似线缆被盗', '建设路东段巡检发现地面有挖掘痕迹，疑似线缆被盗', 2, 2, '2026-02-28 10:00:00', '已报警处理，线缆无损失但防护设施需加固', '2026-02-27 22:30:00'),
(7, 'ALM-20260303-001', 4, 2, NULL, 6, 14, '建设路1号柜通信断联', '电柜CB-006与中心通信中断超过1小时', 1, 3, NULL, NULL, '2026-03-03 03:15:00'),
(8, 'ALM-20260303-002', 1, 1, 8, 2, 10, '花园路008号灯维护提醒', '路灯SL-008处于维护状态超过7天', 3, 2, '2026-03-03 10:00:00', '维护计划延期，已知晓', '2026-03-03 08:00:00'),
(9, 'ALM-20260303-003', 2, 3, NULL, 1, 10, '花园路1号柜过载告警', '电柜CB-001负载率超过85%', 0, NULL, NULL, NULL, '2026-03-03 18:45:00'),
(10, 'ALM-20260303-004', 6, 2, 37, 8, 15, '航海路007号灯温度过高', '路灯SL-037温度超过50℃', 0, NULL, NULL, NULL, '2026-03-03 20:00:00'),
(11, 'ALM-20260225-001', 1, 2, 28, 6, 14, '建设路003号灯异常关灯', '路灯SL-028在正常亮灯时间段突然熄灭', 2, 2, '2026-02-26 14:00:00', '已排查为控制模块信号干扰，已修复', '2026-02-25 19:30:00'),
(12, 'ALM-20260220-001', 3, 3, 12, 3, 11, '花园路012号灯电流异常升高', '路灯SL-012电流持续升高，已超出额定值20%', 2, 3, '2026-02-21 16:00:00', '线路短路，已更换受损线缆', '2026-02-20 23:15:00'),
(13, 'ALM-20260304-001', 6, 3, 9, 3, 11, '花园路009号灯温度异常', '钠灯SL-009灯具温度达55℃，超出安全阈值', 0, NULL, NULL, NULL, '2026-03-04 09:30:00'),
(14, 'ALM-20260304-002', 7, 4, 6, 2, 10, '花园路006号灯漏电告警', '路灯SL-006检测到漏电电流超过30mA，已自动断电', 0, NULL, NULL, NULL, '2026-03-04 14:20:00'),
-- 4月告警数据
(15, 'ALM-20260401-001', 1, 3, 34, 7, 15, '航海路004号灯灯具损坏', '路灯SL-034灯具外壳破裂，内部元件受损', 2, 2, '2026-04-01 16:00:00', '已更换灯具外壳及LED模组', '2026-04-01 09:10:00'),
(16, 'ALM-20260401-002', 2, 2, NULL, 4, 12, '经三路1号柜电压偏低', '电柜CB-004输出电压持续低于200V', 1, 3, NULL, NULL, '2026-04-01 14:30:00'),
(17, 'ALM-20260402-001', 4, 3, 5, 1, 10, '花园路005号灯通信超时', '路灯SL-005通信模块响应超时超过5分钟', 2, 2, '2026-04-02 15:00:00', '重启通信模块后恢复正常', '2026-04-02 10:20:00'),
(18, 'ALM-20260402-002', 6, 4, 26, 6, 14, '建设路001号灯温度过高', '路灯SL-026灯具温度达58℃，已触发自动降功率', 0, NULL, NULL, NULL, '2026-04-02 20:45:00'),
(19, 'ALM-20260403-001', 3, 2, 20, 5, 13, '德化街002号灯电流波动', '路灯SL-020电流读数频繁波动，幅度超过±15%', 1, 3, NULL, NULL, '2026-04-03 08:30:00'),
(20, 'ALM-20260403-002', 1, 3, 36, 8, 15, '航海路006号灯不亮', '路灯SL-036夜间未正常亮灯，市民报修', 0, NULL, NULL, NULL, '2026-04-03 21:00:00'),
(21, 'ALM-20260404-001', 5, 4, NULL, NULL, 10, '花园路北段疑似电缆损伤', '巡检发现花园路北段地面有施工痕迹，电缆可能受损', 0, NULL, NULL, NULL, '2026-04-04 07:45:00'),
(22, 'ALM-20260405-001', 7, 3, 9, 3, 11, '花园路009号灯漏电检测', '路灯SL-009漏电电流达25mA，接近安全阈值', 1, 2, NULL, NULL, '2026-04-05 13:15:00'),
(23, 'ALM-20260406-001', 2, 2, NULL, 7, 15, '航海路1号柜电压波动', '电柜CB-007输出电压波动超过±8%', 2, 3, '2026-04-06 18:00:00', '更换稳压模块后恢复正常', '2026-04-06 11:20:00'),
(24, 'ALM-20260407-001', 1, 2, 15, 4, 12, '经三路002号灯灯罩破损', '经三路002号灯灯罩出现裂纹，需要更换', 0, NULL, NULL, NULL, '2026-04-07 16:40:00');

-- ============================================
-- 维修工单
-- ============================================
INSERT INTO work_order (id, order_no, alarm_id, streetlight_id, area_id, title, description, priority, status, assignee_id, reporter_id, expected_finish, actual_finish, repair_content, repair_cost) VALUES
(1, 'WO-20260301-001', 1, 3, 10, '花园路003号灯更换灯泡', '灯泡烧毁导致路灯无法正常工作', 3, 3, 2, 1, '2026-03-02 18:00:00', '2026-03-01 16:00:00', '更换LED灯泡一套，清洁灯罩', 350.00),
(2, 'WO-20260301-002', 2, NULL, 15, '航海路2号柜电压检修', '电柜CB-008输出电压异常波动', 4, 2, 2, 1, '2026-03-03 12:00:00', NULL, NULL, NULL),
(3, 'WO-20260228-001', 5, 23, 13, '德化街005号灯控制器更换', '灯具控制器故障', 2, 3, 3, 1, '2026-03-02 12:00:00', '2026-03-01 10:00:00', '更换智能控制器一台，重新配对通信模块', 580.00),
(4, 'WO-20260228-002', 6, NULL, 14, '建设路线缆防护加固', '地面挖掘痕迹排查及防护加固', 4, 3, 2, 1, '2026-03-05 18:00:00', '2026-03-03 14:00:00', '加装线缆保护套管50m，设置警示标识', 2500.00),
(5, 'WO-20260303-001', 7, NULL, 14, '建设路1号柜通信模块检修', '电柜CB-006与中心通信中断', 3, 1, 3, 1, '2026-03-05 18:00:00', NULL, NULL, NULL),
(6, 'WO-20260302-001', 3, 16, 12, '经三路003号灯通信模块更换', '路灯SL-016通信模块无响应，需现场更换', 2, 0, NULL, 1, '2026-03-06 18:00:00', NULL, NULL, NULL),
(7, 'WO-20260225-001', 11, 28, 14, '建设路003号灯控制模块修复', '控制模块受信号干扰导致异常关灯', 2, 3, 2, 1, '2026-02-28 18:00:00', '2026-02-26 15:30:00', '更换抗干扰控制模块，加装屏蔽罩', 620.00),
(8, 'WO-20260220-001', 12, 12, 11, '花园路012号灯线路修复', '短路导致电流异常', 3, 3, 3, 1, '2026-02-23 18:00:00', '2026-02-21 17:00:00', '更换受损线缆5m，修复接线端子', 450.00),
-- 4月维修工单
(9, 'WO-20260401-001', 15, 34, 15, '航海路004号灯灯具更换', '灯具外壳破裂，内部元件受损需整体更换', 3, 3, 2, 1, '2026-04-03 18:00:00', '2026-04-01 17:00:00', '更换LED灯具整套，防水密封处理', 680.00),
(10, 'WO-20260402-001', 17, 5, 10, '花园路005号灯通信模块维修', '通信模块响应超时，需现场排查', 2, 3, 2, 1, '2026-04-04 18:00:00', '2026-04-02 16:30:00', '重启通信模块并更新固件', 120.00),
(11, 'WO-20260401-002', 16, NULL, 12, '经三路1号柜电压检修', '电柜CB-004输出电压偏低，需检查变压器', 3, 2, 3, 1, '2026-04-05 18:00:00', NULL, NULL, NULL),
(12, 'WO-20260403-001', 20, 36, 15, '航海路006号灯故障排查', '路灯SL-036夜间未正常亮灯', 2, 1, 2, 1, '2026-04-07 18:00:00', NULL, NULL, NULL),
(13, 'WO-20260404-001', 21, NULL, 10, '花园路北段电缆排查加固', '施工痕迹附近电缆安全排查', 4, 2, 2, 1, '2026-04-08 18:00:00', NULL, NULL, NULL),
(14, 'WO-20260406-001', 23, NULL, 15, '航海路1号柜稳压模块更换', '电柜CB-007稳压模块老化更换', 2, 3, 3, 1, '2026-04-08 18:00:00', '2026-04-06 17:30:00', '更换稳压模块一台，校准输出电压', 850.00),
(15, 'WO-20260407-001', 24, 15, 12, '经三路002号灯灯罩更换', '灯罩出现裂纹需更换防止进水', 2, 0, NULL, 1, '2026-04-10 18:00:00', NULL, NULL, NULL);

-- ============================================
-- 能耗记录 (近30天, 按区域和电柜汇总)
-- ============================================
INSERT INTO energy_record (streetlight_id, cabinet_id, area_id, record_date, energy_kwh, running_minutes, avg_power, peak_power) VALUES
-- 花园路区域每天
(NULL, 1, 10, '2026-02-20', 45.200, 660, 4109.09, 4500.00),
(NULL, 1, 10, '2026-02-21', 44.800, 660, 4072.73, 4500.00),
(NULL, 1, 10, '2026-02-22', 46.100, 660, 4190.91, 4500.00),
(NULL, 1, 10, '2026-02-23', 43.500, 660, 3954.55, 4500.00),
(NULL, 1, 10, '2026-02-24', 45.000, 660, 4090.91, 4500.00),
(NULL, 1, 10, '2026-02-25', 44.200, 660, 4018.18, 4500.00),
(NULL, 1, 10, '2026-02-26', 45.500, 660, 4136.36, 4500.00),
(NULL, 1, 10, '2026-02-27', 44.900, 660, 4081.82, 4500.00),
(NULL, 1, 10, '2026-02-28', 45.300, 660, 4118.18, 4500.00),
(NULL, 1, 10, '2026-03-01', 44.600, 660, 4054.55, 4500.00),
(NULL, 1, 10, '2026-03-02', 45.800, 660, 4163.64, 4500.00),
(NULL, 1, 10, '2026-03-03', 44.100, 660, 4009.09, 4500.00),
(NULL, 2, 10, '2026-02-20', 38.500, 660, 3500.00, 4000.00),
(NULL, 2, 10, '2026-02-25', 37.200, 660, 3381.82, 4000.00),
(NULL, 2, 10, '2026-03-01', 38.000, 660, 3454.55, 4000.00),
(NULL, 2, 10, '2026-03-03', 37.800, 660, 3436.36, 4000.00),
-- 德化街区域
(NULL, 5, 13, '2026-02-20', 28.500, 720, 2375.00, 2800.00),
(NULL, 5, 13, '2026-02-25', 27.800, 720, 2316.67, 2800.00),
(NULL, 5, 13, '2026-03-01', 29.100, 720, 2425.00, 2800.00),
(NULL, 5, 13, '2026-03-03', 28.300, 720, 2358.33, 2800.00),
-- 建设路区域
(NULL, 6, 14, '2026-02-20', 52.000, 660, 4727.27, 5000.00),
(NULL, 6, 14, '2026-02-25', 50.800, 660, 4618.18, 5000.00),
(NULL, 6, 14, '2026-03-01', 51.500, 660, 4681.82, 5000.00),
(NULL, 6, 14, '2026-03-03', 51.200, 660, 4654.55, 5000.00),
-- 航海路区域
(NULL, 7, 15, '2026-02-20', 42.300, 660, 3845.45, 4200.00),
(NULL, 7, 15, '2026-02-25', 41.500, 660, 3772.73, 4200.00),
(NULL, 7, 15, '2026-03-01', 43.000, 660, 3909.09, 4200.00),
(NULL, 7, 15, '2026-03-03', 42.100, 660, 3827.27, 4200.00),
(NULL, 8, 15, '2026-02-20', 35.200, 660, 3200.00, 3800.00),
(NULL, 8, 15, '2026-02-25', 34.500, 660, 3136.36, 3800.00),
(NULL, 8, 15, '2026-03-01', 35.800, 660, 3254.55, 3800.00),
(NULL, 8, 15, '2026-03-03', 34.900, 660, 3172.73, 3800.00),
-- 3月中下旬能耗数据 - 花园路区域
(NULL, 1, 10, '2026-03-04', 45.100, 660, 4100.00, 4500.00),
(NULL, 1, 10, '2026-03-05', 44.500, 660, 4045.45, 4500.00),
(NULL, 1, 10, '2026-03-06', 45.300, 660, 4118.18, 4500.00),
(NULL, 1, 10, '2026-03-07', 44.000, 660, 4000.00, 4500.00),
(NULL, 1, 10, '2026-03-08', 45.600, 660, 4145.45, 4500.00),
(NULL, 1, 10, '2026-03-09', 44.800, 660, 4072.73, 4500.00),
(NULL, 1, 10, '2026-03-10', 45.200, 660, 4109.09, 4500.00),
(NULL, 1, 10, '2026-03-11', 44.300, 660, 4027.27, 4500.00),
(NULL, 1, 10, '2026-03-12', 45.000, 660, 4090.91, 4500.00),
(NULL, 1, 10, '2026-03-13', 44.700, 660, 4063.64, 4500.00),
(NULL, 1, 10, '2026-03-14', 45.400, 660, 4127.27, 4500.00),
(NULL, 1, 10, '2026-03-15', 44.100, 660, 4009.09, 4500.00),
(NULL, 1, 10, '2026-03-16', 44.900, 660, 4081.82, 4500.00),
(NULL, 1, 10, '2026-03-17', 45.500, 660, 4136.36, 4500.00),
(NULL, 1, 10, '2026-03-18', 44.200, 660, 4018.18, 4500.00),
(NULL, 1, 10, '2026-03-19', 45.100, 660, 4100.00, 4500.00),
(NULL, 1, 10, '2026-03-20', 44.600, 660, 4054.55, 4500.00),
(NULL, 1, 10, '2026-03-21', 45.300, 660, 4118.18, 4500.00),
(NULL, 1, 10, '2026-03-22', 44.400, 660, 4036.36, 4500.00),
(NULL, 1, 10, '2026-03-23', 44.800, 660, 4072.73, 4500.00),
(NULL, 1, 10, '2026-03-24', 45.200, 660, 4109.09, 4500.00),
(NULL, 1, 10, '2026-03-25', 44.000, 650, 4061.54, 4500.00),
(NULL, 1, 10, '2026-03-26', 44.500, 650, 4107.69, 4500.00),
(NULL, 1, 10, '2026-03-27', 43.800, 650, 4042.31, 4500.00),
(NULL, 1, 10, '2026-03-28', 44.300, 650, 4088.46, 4500.00),
(NULL, 1, 10, '2026-03-29', 43.600, 640, 4087.50, 4500.00),
(NULL, 1, 10, '2026-03-30', 44.100, 640, 4134.38, 4500.00),
(NULL, 1, 10, '2026-03-31', 43.900, 640, 4115.63, 4500.00),
-- 3月中下旬能耗数据 - 花园路2号柜
(NULL, 2, 10, '2026-03-08', 37.500, 660, 3409.09, 4000.00),
(NULL, 2, 10, '2026-03-13', 38.200, 660, 3472.73, 4000.00),
(NULL, 2, 10, '2026-03-18', 37.800, 660, 3436.36, 4000.00),
(NULL, 2, 10, '2026-03-23', 37.100, 660, 3372.73, 4000.00),
(NULL, 2, 10, '2026-03-28', 37.600, 650, 3472.31, 4000.00),
-- 3月中下旬能耗数据 - 德化街区域
(NULL, 5, 13, '2026-03-08', 28.800, 720, 2400.00, 2800.00),
(NULL, 5, 13, '2026-03-13', 27.500, 720, 2291.67, 2800.00),
(NULL, 5, 13, '2026-03-18', 28.200, 720, 2350.00, 2800.00),
(NULL, 5, 13, '2026-03-23', 28.600, 720, 2383.33, 2800.00),
(NULL, 5, 13, '2026-03-28', 27.900, 710, 2357.75, 2800.00),
-- 3月中下旬能耗数据 - 建设路区域
(NULL, 6, 14, '2026-03-08', 51.800, 660, 4709.09, 5000.00),
(NULL, 6, 14, '2026-03-13', 50.500, 660, 4590.91, 5000.00),
(NULL, 6, 14, '2026-03-18', 51.200, 660, 4654.55, 5000.00),
(NULL, 6, 14, '2026-03-23', 50.800, 660, 4618.18, 5000.00),
(NULL, 6, 14, '2026-03-28', 51.500, 650, 4753.85, 5000.00),
-- 3月中下旬能耗数据 - 航海路区域
(NULL, 7, 15, '2026-03-08', 42.500, 660, 3863.64, 4200.00),
(NULL, 7, 15, '2026-03-13', 41.800, 660, 3800.00, 4200.00),
(NULL, 7, 15, '2026-03-18', 42.200, 660, 3836.36, 4200.00),
(NULL, 7, 15, '2026-03-23', 41.500, 660, 3772.73, 4200.00),
(NULL, 7, 15, '2026-03-28', 42.000, 650, 3876.92, 4200.00),
(NULL, 8, 15, '2026-03-08', 35.500, 660, 3227.27, 3800.00),
(NULL, 8, 15, '2026-03-13', 34.800, 660, 3163.64, 3800.00),
(NULL, 8, 15, '2026-03-18', 35.200, 660, 3200.00, 3800.00),
(NULL, 8, 15, '2026-03-23', 34.600, 660, 3145.45, 3800.00),
(NULL, 8, 15, '2026-03-28', 35.100, 650, 3240.00, 3800.00),
-- 4月能耗数据 (4.1-4.8 每日) - 花园路1号柜
(NULL, 1, 10, '2026-04-01', 43.800, 630, 4171.43, 4500.00),
(NULL, 1, 10, '2026-04-02', 44.200, 630, 4209.52, 4500.00),
(NULL, 1, 10, '2026-04-03', 43.500, 630, 4142.86, 4500.00),
(NULL, 1, 10, '2026-04-04', 44.600, 630, 4247.62, 4500.00),
(NULL, 1, 10, '2026-04-05', 43.100, 630, 4104.76, 4500.00),
(NULL, 1, 10, '2026-04-06', 44.000, 630, 4190.48, 4500.00),
(NULL, 1, 10, '2026-04-07', 43.900, 630, 4180.95, 4500.00),
(NULL, 1, 10, '2026-04-08', 44.300, 630, 4219.05, 4500.00),
-- 4月能耗数据 (4.1-4.8 每日) - 花园路2号柜
(NULL, 2, 10, '2026-04-01', 37.500, 630, 3571.43, 4000.00),
(NULL, 2, 10, '2026-04-02', 37.100, 630, 3533.33, 4000.00),
(NULL, 2, 10, '2026-04-03', 37.800, 630, 3600.00, 4000.00),
(NULL, 2, 10, '2026-04-04', 36.800, 630, 3504.76, 4000.00),
(NULL, 2, 10, '2026-04-05', 37.400, 630, 3561.90, 4000.00),
(NULL, 2, 10, '2026-04-06', 37.000, 630, 3523.81, 4000.00),
(NULL, 2, 10, '2026-04-07', 37.200, 630, 3542.86, 4000.00),
(NULL, 2, 10, '2026-04-08', 37.600, 630, 3580.95, 4000.00),
-- 4月能耗数据 (4.1-4.8 每日) - 德化街区域
(NULL, 5, 13, '2026-04-01', 27.500, 690, 2391.30, 2800.00),
(NULL, 5, 13, '2026-04-02', 28.000, 690, 2434.78, 2800.00),
(NULL, 5, 13, '2026-04-03', 27.300, 690, 2373.91, 2800.00),
(NULL, 5, 13, '2026-04-04', 28.100, 690, 2443.48, 2800.00),
(NULL, 5, 13, '2026-04-05', 27.600, 690, 2400.00, 2800.00),
(NULL, 5, 13, '2026-04-06', 28.400, 690, 2469.57, 2800.00),
(NULL, 5, 13, '2026-04-07', 27.800, 690, 2417.39, 2800.00),
(NULL, 5, 13, '2026-04-08', 28.200, 690, 2452.17, 2800.00),
-- 4月能耗数据 (4.1-4.8 每日) - 建设路区域
(NULL, 6, 14, '2026-04-01', 50.200, 630, 4780.95, 5000.00),
(NULL, 6, 14, '2026-04-02', 50.800, 630, 4838.10, 5000.00),
(NULL, 6, 14, '2026-04-03', 50.500, 630, 4809.52, 5000.00),
(NULL, 6, 14, '2026-04-04', 51.000, 630, 4857.14, 5000.00),
(NULL, 6, 14, '2026-04-05', 50.300, 630, 4790.48, 5000.00),
(NULL, 6, 14, '2026-04-06', 51.200, 630, 4876.19, 5000.00),
(NULL, 6, 14, '2026-04-07', 50.500, 630, 4809.52, 5000.00),
(NULL, 6, 14, '2026-04-08', 50.900, 630, 4847.62, 5000.00),
-- 4月能耗数据 (4.1-4.8 每日) - 航海路7号柜
(NULL, 7, 15, '2026-04-01', 41.800, 630, 3981.00, 4200.00),
(NULL, 7, 15, '2026-04-02', 42.200, 630, 4019.05, 4200.00),
(NULL, 7, 15, '2026-04-03', 41.500, 630, 3952.38, 4200.00),
(NULL, 7, 15, '2026-04-04', 42.500, 630, 4047.62, 4200.00),
(NULL, 7, 15, '2026-04-05', 41.900, 630, 3990.48, 4200.00),
(NULL, 7, 15, '2026-04-06', 42.300, 630, 4028.57, 4200.00),
(NULL, 7, 15, '2026-04-07', 41.200, 630, 3923.81, 4200.00),
(NULL, 7, 15, '2026-04-08', 42.100, 630, 4009.52, 4200.00),
-- 4月能耗数据 (4.1-4.8 每日) - 航海路8号柜
(NULL, 8, 15, '2026-04-01', 34.600, 630, 3295.24, 3800.00),
(NULL, 8, 15, '2026-04-02', 35.000, 630, 3333.33, 3800.00),
(NULL, 8, 15, '2026-04-03', 34.300, 630, 3266.67, 3800.00),
(NULL, 8, 15, '2026-04-04', 35.100, 630, 3342.86, 3800.00),
(NULL, 8, 15, '2026-04-05', 34.500, 630, 3285.71, 3800.00),
(NULL, 8, 15, '2026-04-06', 35.300, 630, 3361.90, 3800.00),
(NULL, 8, 15, '2026-04-07', 34.300, 630, 3266.67, 3800.00),
(NULL, 8, 15, '2026-04-08', 34.900, 630, 3323.81, 3800.00);

-- ============================================
-- 控制操作日志
-- ============================================
INSERT INTO control_log (streetlight_id, area_id, action, detail, operator_id, strategy_id, result, remark, created_at) VALUES
(1, 10, 'TURN_ON', '开灯 亮度80%', NULL, 2, 1, '冬季定时开关灯策略自动执行', '2026-03-03 17:30:00'),
(2, 10, 'TURN_ON', '开灯 亮度80%', NULL, 2, 1, '冬季定时开关灯策略自动执行', '2026-03-03 17:30:00'),
(NULL, 10, 'SET_BRIGHTNESS', '花园路全段降亮至50%', NULL, 3, 1, '深夜节能降亮策略执行', '2026-03-03 23:00:00'),
(NULL, 10, 'SET_BRIGHTNESS', '花园路全段恢复80%', NULL, 3, 1, '深夜节能降亮策略结束恢复', '2026-03-04 05:00:00'),
(26, 14, 'TURN_OFF', '手动关灯', 2, NULL, 1, '运维检修需要', '2026-03-02 10:00:00'),
(28, 14, 'TURN_OFF', '手动关灯用于维护', 2, NULL, 1, '设备进入维护状态', '2026-03-02 10:15:00'),
(19, 13, 'SET_BRIGHTNESS', '亮度调整为100%', NULL, 4, 1, '德化街光控策略触发-光照低于200lux', '2026-03-03 17:15:00'),
(31, 15, 'TURN_ON', '开灯 亮度90%', 1, NULL, 1, '管理员手动操作', '2026-03-03 17:00:00'),
(NULL, NULL, 'APPLY_STRATEGY', '应用冬季定时开关灯策略', 1, 2, 1, '全市策略启用', '2025-11-01 00:00:00'),
(3, 10, 'TURN_ON', '尝试远程开灯', 2, NULL, 0, '设备离线，操作失败', '2026-03-01 18:00:00'),
-- 4月控制日志
(NULL, 10, 'SET_BRIGHTNESS', '花园路全段降亮至50%', NULL, 3, 1, '深夜节能降亮策略执行', '2026-04-01 23:00:00'),
(NULL, 10, 'SET_BRIGHTNESS', '花园路全段恢复80%', NULL, 3, 1, '深夜节能降亮策略结束恢复', '2026-04-02 05:00:00'),
(34, 15, 'TURN_OFF', '手动关灯用于维修', 2, NULL, 1, '灯具更换维修', '2026-04-01 10:00:00'),
(34, 15, 'TURN_ON', '维修完成恢复', 2, NULL, 1, '灯具更换完成，恢复正常', '2026-04-01 17:30:00'),
(19, 13, 'SET_BRIGHTNESS', '亮度调整为100%', NULL, 4, 1, '德化街光控策略触发-光照低于200lux', '2026-04-03 17:20:00'),
(36, 15, 'TURN_ON', '尝试远程开灯', 2, NULL, 0, '设备故障，操作失败', '2026-04-03 18:30:00');

-- ============================================
-- 报修申请
-- ============================================
INSERT INTO repair_report (id, report_no, reporter_id, reporter_name, reporter_phone, streetlight_id, address, longitude, latitude, description, status, work_order_id, reply, created_at) VALUES
(1, 'RP-20260228-001', 4, '赵市民', '13800000004', 23, '二七区德化街南段', 113.6616, 34.7515, '德化街南段有一盏路灯不亮快一周了，晚上走路很不方便', 3, 3, '已安排维修并完成修复，感谢您的反映！', '2026-02-28 18:30:00'),
(2, 'RP-20260302-001', 5, '陈居民', '13800000005', NULL, '中原区建设路东段', 113.6415, 34.7684, '建设路大学路口附近有两盏路灯一直闪烁，影响视线', 1, NULL, '已受理，将安排运维人员前往检查', '2026-03-02 20:15:00'),
(3, 'RP-20260303-001', NULL, '刘先生', '13912345678', 34, '管城区航海路中段', 113.6399, 34.7319, '航海路中段有路灯已经坏了好几天了', 0, NULL, NULL, '2026-03-03 09:45:00'),
(4, 'RP-20260303-002', 4, '赵市民', '13800000004', NULL, '金水区花园路丰产路口', 113.6722, 34.7888, '花园路丰产路口路灯灯罩有裂缝，下雨天可能漏水导致安全隐患', 0, NULL, NULL, '2026-03-03 14:20:00'),
(5, 'RP-20260225-001', 5, '陈居民', '13800000005', 3, '金水区花园路北段', 113.6732, 34.7929, '花园路北段某路灯完全不工作', 3, 1, '已修复，更换了灯泡', '2026-02-25 21:00:00'),
-- 4月报修申请
(6, 'RP-20260403-001', 4, '赵市民', '13800000004', 36, '管城区航海路西段', 113.6470, 34.7318, '航海路006号灯连续三天不亮，附近很黑影响出行安全', 1, 12, '已受理并安排运维人员排查', '2026-04-03 19:30:00'),
(7, 'RP-20260404-001', NULL, '王女士', '13956789012', NULL, '金水区花园路北段', 113.6720, 34.7935, '花园路北段有一处路灯杆倾斜，有安全隐患', 0, NULL, NULL, '2026-04-04 08:15:00'),
(8, 'RP-20260405-001', 5, '陈居民', '13800000005', 15, '金水区经三路中段', 113.6760, 34.7624, '经三路中段路灯灯罩破裂，下雨天担心漏电', 1, 15, '已受理，将安排更换灯罩', '2026-04-05 20:45:00'),
(9, 'RP-20260406-001', 4, '赵市民', '13800000004', NULL, '中原区建设路东段', 113.6418, 34.7683, '建设路路灯白天也亮着，是不是控制系统出问题了', 3, NULL, '已核实为策略调试期间误触发，已修复控制策略', '2026-04-06 10:00:00');

-- ============================================
-- 系统公告
-- ============================================
INSERT INTO announcement (id, title, content, type, status, top_flag, publisher_id, publish_time, created_at) VALUES
(1, '关于冬季路灯开关灯时间调整的通知', '各位市民您好，根据冬季日照变化，自2025年11月1日起，全市路灯开灯时间调整为17:30，关灯时间调整为次日06:30。如有特殊情况，请拨打路灯管理热线12345反映。', 3, 1, 1, 1, '2025-10-28 10:00:00', '2025-10-28 09:00:00'),
(2, '系统升级维护公告', '因系统升级需要，智慧路灯管理平台将于2026年3月10日凌昨2:00-6:00进行维护，维护期间平台暂时无法访问，自动控制策略不受影响。给您带来不便敬请谅解。', 2, 1, 1, 1, '2026-03-01 10:00:00', '2026-03-01 09:00:00'),
(3, '关于开展春季路灯设施巡检工作的通知', '为确保城市路灯设施安全运行，我局将于2026年3月15日-4月15日开展春季路灯设施集中巡检工作，届时可能会有部分路段路灯临时关闭进行检修，请市民注意出行安全。', 1, 1, 0, 1, '2026-03-03 14:00:00', '2026-03-03 13:00:00'),
(4, '节能照明改造项目进展通报', '花园路南段和经三路的钠灯替换LED工程已完成60%，预计4月底全部完工。改造后将节省约40%的照明能耗。', 1, 1, 0, 1, '2026-02-25 10:00:00', '2026-02-25 09:00:00'),
(5, '路灯报修渠道说明（草稿）', '市民可通过以下渠道报修路灯故障：1.拨戓12345热线；2.登录智慧路灯管理平台在线报修；3.微信小程序"路灯报修"...', 1, 0, 0, 1, NULL, '2026-03-03 16:00:00'),
-- 4月公告
(6, '关于春季路灯设施巡检进展通报', '春季路灯设施巡检工作已于3月15日启动，截至4月1日已完成花园路全段、经三路中段的巡检工作，发现并修复故障灯具12盏。德化街、建设路及航海路路段将于4月上旬完成巡检。', 1, 1, 0, 1, '2026-04-02 10:00:00', '2026-04-02 09:00:00'),
(7, '关于夏季路灯开关灯时间调整的预通知', '各位市民您好，随着日照时间延长，自2026年5月1日起，全市路灯开灯时间将调整为19:30，关灯时间调整为次日05:30。具体调整方案将在4月底正式发布。', 3, 1, 1, 1, '2026-04-05 10:00:00', '2026-04-05 09:00:00');

-- ============================================
-- MQTT通信消息记录
-- ============================================
INSERT INTO mqtt_message (device_uid, topic, payload, direction, status, created_at) VALUES
('DEV-HYL-001', 'streetlight/DEV-HYL-001/status', '{"voltage":220.5,"current":0.68,"temperature":35.2,"brightness":80,"lightStatus":1,"onlineStatus":1}', 1, 1, '2026-03-05 17:30:00'),
('DEV-HYL-003', 'streetlight/DEV-HYL-003/status', '{"voltage":0,"current":0,"temperature":0,"brightness":0,"lightStatus":0,"onlineStatus":0,"errorCode":"E001"}', 1, 1, '2026-03-05 08:15:00'),
('DEV-HYL-001', 'streetlight/DEV-HYL-001/control', '{"action":"SET_BRIGHTNESS","brightness":50}', 2, 1, '2026-03-05 23:00:00'),
('DEV-HHL-037', 'streetlight/DEV-HHL-037/status', '{"voltage":224.0,"current":1.115,"temperature":52.3,"brightness":100,"lightStatus":1,"onlineStatus":1,"alarm":"TEMP_HIGH"}', 1, 1, '2026-03-05 20:00:00'),
('DEV-HYL-006', 'streetlight/DEV-HYL-006/control', '{"action":"TURN_OFF"}', 2, 1, '2026-03-05 06:30:00'),
('DEV-JSL-016', 'streetlight/DEV-JSL-016/status', '{"errorCode":"COMM_FAIL","message":"通信模块无响应"}', 1, 0, '2026-03-05 14:05:00'),
('DEV-DHJ-019', 'streetlight/DEV-DHJ-019/control', '{"action":"SET_BRIGHTNESS","brightness":100,"strategyId":4}', 2, 1, '2026-03-05 17:15:00'),
('DEV-HHL-031', 'streetlight/DEV-HHL-031/control', '{"action":"TURN_ON","brightness":90}', 2, 1, '2026-03-05 17:00:00'),
-- 4月MQTT消息
('DEV-HHL-034', 'streetlight/DEV-HHL-034/status', '{"voltage":220.0,"current":0.68,"temperature":34.5,"brightness":80,"lightStatus":1,"onlineStatus":1}', 1, 1, '2026-04-01 18:00:00'),
('DEV-HHL-034', 'streetlight/DEV-HHL-034/control', '{"action":"TURN_OFF"}', 2, 1, '2026-04-01 10:00:00'),
('DEV-HYL-005', 'streetlight/DEV-HYL-005/status', '{"voltage":220.1,"current":0.45,"temperature":33.8,"brightness":100,"lightStatus":1,"onlineStatus":1,"alarm":"COMM_TIMEOUT"}', 1, 1, '2026-04-02 10:20:00'),
('DEV-HHL-036', 'streetlight/DEV-HHL-036/status', '{"voltage":0,"current":0,"temperature":0,"brightness":0,"lightStatus":0,"onlineStatus":0,"errorCode":"E003"}', 1, 1, '2026-04-03 18:30:00'),
('DEV-DHJ-020', 'streetlight/DEV-DHJ-020/status', '{"voltage":220.2,"current":0.37,"temperature":32.5,"brightness":100,"lightStatus":1,"onlineStatus":1,"alarm":"CURRENT_FLUCTUATION"}', 1, 1, '2026-04-03 08:30:00'),
('DEV-HYL-001', 'streetlight/DEV-HYL-001/control', '{"action":"SET_BRIGHTNESS","brightness":50}', 2, 1, '2026-04-01 23:00:00');
